,current,previous,count,fpkm,read_counts,fpm,classification
71,9P04_D01_CFFv1_NB0021,9P04_D01_CFFv1_NB0021,1,7.26E-05,58474143,0.017101576,intermediate positive
52,96R23_G03_CFFv1_NA0097,96R23_G03_CFFv1_NA0097,1,0.000209473,20258735,0.049361424,intermediate positive
95,96R12_D02_CFFv1_NA0097,96R12_D02_CFFv1_NA0097,1,0.000140536,30196121,0.033116836,intermediate positive
90,96R06_F01_CFFv1_NA0097,96R06_F01_CFFv1_NA0097,1,0.000261897,16203491,0.061715096,intermediate positive
64,94P02_B01_CFFv1_NB0116,94P02_B01_CFFv1_NB0116,1,9.71E-05,43691554,0.022887719,intermediate positive
103,93R24_H03_CFFv1_NA0087,93R24_H03_CFFv1_NA0087,1,0.000367482,11547910,0.086595756,intermediate positive
81,93R23_G03_CFFv1_NA0087,93R23_G03_CFFv1_NA0087,1,0.000295199,14375554,0.069562537,intermediate positive
14,92R11_C02_CFFv1_NA0086,92R11_C02_CFFv1_NA0086,13,0.003619118,15243354,0.852830683,strong positive
4,92P02_B01_CFFv1_NB0114,92P02_B01_CFFv1_NB0114,95,0.012116891,33271497,2.855296833,strong positive
61,91P03_C01_CFFv1_NB0113,91P03_C01_CFFv1_NB0113,1,9.72E-05,43651462,0.02290874,intermediate positive
39,90P09_A02_CFFv1_NB0112,90P09_A02_CFFv1_NB0112,1,0.00014963,28361001,0.035259686,intermediate positive
13,89R15_G02_CFFv1_NA0074,89R15_G02_CFFv1_NA0074,2,0.000161084,52688803,0.037958729,intermediate positive
75,89R11_C02_CFFv1_NA0074,89R11_C02_CFFv1_NA0074,1,0.000154512,27464928,0.036410072,intermediate positive
54,89R06_F01_CFFv1_NA0074,89R06_F01_CFFv1_NA0074,1,0.000204646,20736525,0.048224088,intermediate positive
65,89P02_B01_CFFv1_NB0111,89P02_B01_CFFv1_NB0111,1,0.000114535,37051171,0.0269897,intermediate positive
118,89P01_A01_CFFv1_NB0111,89P01_A01_CFFv1_NB0111,1,8.49E-05,49980450,0.020007823,intermediate positive
18,88R05_E01_CFFv1_NA0073,88R05_E01_CFFv1_NA0073,2,0.000115,73802603,0.027099315,intermediate positive
9,86P06_F01_CFFv1_NB0107,86P06_F01_CFFv1_NB0107,2,0.000280417,30266785,0.066079037,intermediate positive
102,86P02_B01_CFFv1_NB0107,86P02_B01_CFFv1_NB0107,1,0.000114057,37206447,0.026877062,intermediate positive
7,84P05_E01_CFFv1_NB0105,84P05_E01_CFFv1_NB0105,17,0.001835604,39301558,0.432552827,strong positive
51,83P03_C01_CFFv1_NB0104,83P03_C01_CFFv1_NB0104,1,0.000149575,28371504,0.035246633,intermediate positive
86,81P06_F01_CFFv1_NB0102,81P06_F01_CFFv1_NB0102,1,0.00023218,18277397,0.054712386,intermediate positive
56,81P05_E01_CFFv1_NB0102,81P05_E01_CFFv1_NB0102,1,0.000135787,31252284,0.031997661,intermediate positive
6,80P04_D01_CFFv1_NB0101,80P04_D01_CFFv1_NB0101,22,0.001578999,59126324,0.372084691,strong positive
44,80P03_C01_CFFv1_NB0101,80P03_C01_CFFv1_NB0101,1,9.05E-05,46877456,0.021332216,intermediate positive
32,79P07_G01_CFFv1_NB0100,79P07_G01_CFFv1_NB0100,2,0.000411233,20638662,0.096905507,intermediate positive
24,77P08_H01_CFFv1_NB0098,77P08_H01_CFFv1_NB0098,2,0.000200987,42228128,0.047361796,intermediate positive
40,75P04_D01_CFFv1_NB0096,75P04_D01_CFFv1_NB0096,1,8.94E-05,47492428,0.021055988,intermediate positive
27,73P10_B02_CFFv1_NB0094,73P10_B02_CFFv1_NB0094,2,0.000270154,31416574,0.063660665,intermediate positive
20,73P08_H01_CFFv1_NB0094,73P08_H01_CFFv1_NB0094,3,0.00036922,34480688,0.087005224,intermediate positive
15,72P05_E01_CFFv1_NB0093,72P05_E01_CFFv1_NB0093,5,0.00078331,27087974,0.184583757,intermediate positive
101,71P09_A02_CFFv1_NB0092,71P09_A02_CFFv1_NB0092,1,0.000192405,22055803,0.045339542,intermediate positive
115,71P05_E01_CFFv1_NB0092,71P05_E01_CFFv1_NB0092,1,0.000127018,33409815,0.029931324,intermediate positive
35,70P12_D02_CFFv1_NB0090,70P12_D02_CFFv1_NB0090,1,0.000260149,16312396,0.061303073,intermediate positive
53,6P02_B01_CFFv1_NB0018,6P02_B01_CFFv1_NB0018,1,6.07E-05,69929417,0.014300134,intermediate positive
63,66P10_B02_CFFv1_NB0085,66P10_B02_CFFv1_NB0085,1,0.000121455,34940051,0.02862045,intermediate positive
8,66P08_H01_CFFv1_NB0085,66P08_H01_CFFv1_NB0085,6,0.000658378,38673727,0.155144085,intermediate positive
37,64P03_C01_CFFv1_NB0082,64P03_C01_CFFv1_NB0082,1,0.000151754,27964072,0.035760171,intermediate positive
107,61P15_G02_CFFv1_NB0079,61P15_G02_CFFv1_NB0079,1,0.000170449,24896965,0.040165538,intermediate positive
12,5P02_B01_CFFv1_NB0017,5P02_B01_CFFv1_NB0017,2,0.000133101,63766105,0.031364625,intermediate positive
93,57P04_D01_CFFv1_NB0075,57P04_D01_CFFv1_NB0075,1,0.00014507,29252531,0.034185076,intermediate positive
28,55P10_B02_CFFv1_NB0072,55P10_B02_CFFv1_NB0072,2,0.000197751,42919175,0.046599218,intermediate positive
57,55P08_H01_CFFv1_NB0072,55P08_H01_CFFv1_NB0072,1,8.96E-05,47382107,0.021105013,intermediate positive
50,53P05_E01_CFFv1_NB0070,53P05_E01_CFFv1_NB0070,1,6.45E-05,65843643,0.015187495,intermediate positive
99,52P20_D03_CFFv1_NB0069,52P20_D03_CFFv1_NB0069,1,0.000213386,19887211,0.050283572,intermediate positive
30,5108_H01_CFFv1_NB0068,5108_H01_CFFv1_NB0068,3,0.000281243,45266709,0.06627387,intermediate positive
10,5106_F01_CFFv1_NB0068,5106_F01_CFFv1_NB0068,2,0.000256521,33086169,0.060448219,intermediate positive
89,50P06_F01_CFFv1_NB0067,50P06_F01_CFFv1_NB0067,1,0.00014292,29692515,0.033678521,intermediate positive
19,50P05_E01_CFFv1_NB0067,50P05_E01_CFFv1_NB0067,3,0.000483255,26344168,0.113877197,intermediate positive
109,4P10_B02_CFFv1_NB0016,4P10_B02_CFFv1_NB0016,1,0.000190859,22234500,0.044975151,intermediate positive
34,47P02_B01_CFFv1_NB0064,47P02_B01_CFFv1_NB0064,1,7.08E-05,59956671,0.016678711,intermediate positive
72,45P01_A01_CFFv1_NB0062,45P01_A01_CFFv1_NB0062,1,0.000120158,35317360,0.028314687,intermediate positive
31,44P12_D02_CFFv1_NB0061,44P12_D02_CFFv1_NB0061,2,0.000248388,34169590,0.058531577,intermediate positive
83,44P10_B02_CFFv1_NB0061,44P10_B02_CFFv1_NB0061,1,0.000124881,33981652,0.029427645,intermediate positive
41,44P05_E01_CFFv1_NB0061,,1,0.000196206,21628547,0.046235191,intermediate positive
69,43P07_G01_CFFv1_NA0214,43P07_G01_CFFv1_NA0214,1,0.00019029,22300928,0.044841183,intermediate positive
42,40P07_G01_CFFv1_NB0058,40P07_G01_CFFv1_NB0058,1,0.000127322,33330165,0.030002852,intermediate positive
3,3P13_E02_CFFv1_NB0015,3P13_E02_CFFv1_NB0015,96,0.009094898,44793330,2.143176227,strong positive
58,3P12_D02_CFFv1_NB0015,3P12_D02_CFFv1_NB0015,1,0.000155084,27363630,0.036544859,intermediate positive
111,3P07_G01_CFFv1_NB0015,3P07_G01_CFFv1_NB0015,1,0.000121746,34856620,0.028688955,intermediate positive
59,39P19_C03_CFFv1_NB0057,39P19_C03_CFFv1_NB0057,1,0.000182703,23227064,0.043053224,intermediate positive
43,38P11_C02_CFFv1_NB0056,38P11_C02_CFFv1_NB0056,1,0.000125322,33862018,0.029531613,intermediate positive
88,35P01_A01_CFFv1_NB0053,35P01_A01_CFFv1_NB0053,1,0.000165216,25685545,0.038932403,intermediate positive
112,34P07_G01_CFFv1_NB0052,34P07_G01_CFFv1_NB0052,1,0.000218615,19411552,0.051515716,intermediate positive
100,34P06_F01_CFFv1_NB0052,34P06_F01_CFFv1_NB0052,1,0.000244123,17383291,0.057526506,intermediate positive
68,34P04_D01_CFFv1_NB0052,34P04_D01_CFFv1_NB0052,1,0.000153084,27721011,0.03607372,intermediate positive
16,34P02_B01_CFFv1_NB0052,34P02_B01_CFFv1_NB0052,10,0.002216382,19146765,0.52228144,strong positive
26,33P02_B01_CFFv1_NB0051,33P02_B01_CFFv1_NB0051,3,0.000344038,37004487,0.08107125,intermediate positive
45,2P10_B02_CFFv1_NB0014,2P10_B02_CFFv1_NB0014,1,0.000167971,25264278,0.039581578,intermediate positive
25,29P14_F02_CFFv1_NB0046,29P14_F02_CFFv1_NB0046,2,0.000347865,24398291,0.081972955,intermediate positive
48,26P01_A01_CFFv1_NB0043,26P01_A01_CFFv1_NB0043,1,0.000162329,26142378,0.038252067,intermediate positive
38,25P13_E02_CFFv1_NB0042,25P13_E02_CFFv1_NB0042,1,0.000132354,32062899,0.031188696,intermediate positive
60,25P05_E01_CFFv1_NB0042,25P05_E01_CFFv1_NB0042,1,0.000185393,22890002,0.043687196,intermediate positive
91,24P10_B02_CFFv1_NB0041,24P10_B02_CFFv1_NB0041,1,0.0001442,29429004,0.033980083,intermediate positive
98,24P08_H01_CFFv1_NB0041,24P08_H01_CFFv1_NB0041,1,0.000111697,37992393,0.026321059,intermediate positive
17,23P03_C01_CFFv1_NB0040,23P03_C01_CFFv1_NB0040,2,0.000348939,24323187,0.082226067,intermediate positive
108,22P02_B01_CFFv1_NB0039,22P02_B01_CFFv1_NB0039,1,0.000103276,41090494,0.024336529,intermediate positive
92,20P03_C01_CFFv1_NB0037,20P03_C01_CFFv1_NB0037,1,6.89E-05,61600931,0.016233521,intermediate positive
36,17P07_G01_CFFv1_NB0033,17P07_G01_CFFv1_NB0033,1,9.98E-05,42519491,0.023518626,intermediate positive
29,164R03_C01_CFFv1_NB0025,164R03_C01_CFFv1_NB0025,3,0.000331087,38452052,0.078019243,intermediate positive
74,152R04_D01_CFFv1_NB0010,152R04_D01_CFFv1_NB0010,1,8.97E-05,47284811,0.02114844,intermediate positive
85,150R02_B01_CFFv1_NB0009,150R02_B01_CFFv1_NB0009,1,0.00027624,15362197,0.065094856,intermediate positive
116,148R01_A01_CFFv1_NB0008,148R01_A01_CFFv1_NB0008,1,0.000292725,14497068,0.068979465,intermediate positive
46,140R10_B02_CFFv1_NA0183,140R10_B02_CFFv1_NA0183,1,0.000128596,32999915,0.030303108,intermediate positive
22,134R07_G01_CFFv1_NA0173,134R07_G01_CFFv1_NA0173,5,0.000993687,21353063,0.234158444,intermediate positive
78,121R27_C04_CFFv1_NB0004,121R27_C04_CFFv1_NA0147,1,0.00066072,6422773,0.15569599,intermediate positive
94,121R14_F02_CFFv1_NB0003,121R14_F02_CFFv1_NB0003,1,0.000141715,29945072,0.033394476,intermediate positive
66,121R13_E02_CFFv1_NA0144,121R13_E02_CFFv1_NA0144,1,0.000113205,37486426,0.026676323,intermediate positive
2,121R04_D01_CFFv1_NA0144,121R04_D01_CFFv1_NA0144,337,0.044867172,31874335,10.5727696,strong positive
49,120R31_G04_CFFv1_NA0137,120R31_G04_CFFv1_NA0137,1,0.000456481,9296447,0.107567977,intermediate positive
73,120R08_H01_CFFv1_NA0137,,1,0.000233386,18182986,0.054996468,intermediate positive
70,120P10_B02_CFFv1_NB0144,120P10_B02_CFFv1_NB0144,1,0.000144775,29312106,0.034115597,intermediate positive
110,120P09_A02_CFFv1_NB0144,120P09_A02_CFFv1_NB0144,1,0.000140816,30136219,0.033182663,intermediate positive
80,11P13_E02_CFFv1_NB0023,11P13_E02_CFFv1_NB0023,1,0.000173181,24504189,0.040809349,intermediate positive
11,11P06_F01_CFFv1_NB0023,11P06_F01_CFFv1_NB0023,3,0.000626707,20314049,0.147681046,intermediate positive
97,117R24_H03_CFFv1_NA0134,117R24_H03_CFFv1_NA0134,1,0.000311826,13609048,0.073480526,intermediate positive
77,117R08_H01_CFFv1_NA0134,117R08_H01_CFFv1_NA0134,1,0.00022429,18920404,0.052852994,intermediate positive
82,117R02_B01_CFFv1_NA0134,117R02_B01_CFFv1_NA0134,1,0.000295048,14382919,0.069526916,intermediate positive
113,111R14_F02_CFFv1_NA0128,111R14_F02_CFFv1_NA0128,1,0.000223352,18999859,0.05263197,intermediate positive
55,111P09_A02_CFFv1_NB0136,111P09_A02_CFFv1_NB0136,1,0.000134681,31509008,0.031736956,intermediate positive
5,111P08_H01_CFFv1_NB0136,111P08_H01_CFFv1_NB0136,18,0.003207842,23812198,0.755915099,strong positive
1,10P13_E02_CFFv1_NB0022,10P13_E02_CFFv1_NB0022,66,0.012850254,21795766,3.028111056,strong positive
67,108R01_A01_CFFv1_NA0123,108R01_A01_CFFv1_NA0123,1,0.000220466,19248549,0.051951968,intermediate positive
79,107R23_G03_CFFv1_NA0121,107R23_G03_CFFv1_NA0121,1,0.000339308,12506783,0.079956612,intermediate positive
96,107P07_G01_CFFv1_NB0130,,1,5.10E-05,83217423,0.012016714,intermediate positive
76,107P05_E01_CFFv1_NB0130,107P05_E01_CFFv1_NB0130,1,0.000114933,36922866,0.027083488,intermediate positive
62,106P14_F02_CFFv1_NB0129,106P14_F02_CFFv1_NB0129,1,0.000329482,12879780,0.077641078,intermediate positive
84,106P05_E01_CFFv1_NB0129,106P05_E01_CFFv1_NB0129,1,0.000101932,41632176,0.024019883,intermediate positive
120,105P02_B01_CFFv1_NB0128,105P02_B01_CFFv1_NB0128,1,0.000159314,26637101,0.037541623,intermediate positive
23,104R21_E03_CFFv1_NA0111,104R21_E03_CFFv1_NA0111,4,0.001654049,10262462,0.389770018,strong positive
87,104R18_B03_CFFv1_NA0111,104R18_B03_CFFv1_NA0111,1,0.000385888,10997115,0.09093294,intermediate positive
114,104R07_G01_CFFv1_NA0111,104R07_G01_CFFv1_NA0111,1,0.000295117,14379570,0.069543109,intermediate positive
119,104P11_C02_CFFv1_NA0266,104P11_C02_CFFv1_NA0266,1,0.000155356,27315754,0.036608911,intermediate positive
104,104P08_H01_CFFv1_NA0266,104P08_H01_CFFv1_NA0266,1,0.000190604,22264202,0.044915151,intermediate positive
47,102R22_F03_CFFv1_NA0107,102R22_F03_CFFv1_NA0107,1,0.000938274,4522830,0.221100506,intermediate positive
105,102R10_B02_CFFv1_NA0107,102R10_B02_CFFv1_NA0107,1,0.000376153,11281731,0.08863888,intermediate positive
106,101P12_D02_CFFv1_NB0123,101P12_D02_CFFv1_NB0123,1,0.000198737,21353136,0.046831529,intermediate positive
33,101P02_B01_CFFv1_NB0123,101P02_B01_CFFv1_NB0123,2,0.000315914,26865880,0.074443867,intermediate positive
117,100R28_D04_CFFv1_NA0104,100R28_D04_CFFv1_NA0104,1,0.000280491,15129351,0.066096688,intermediate positive
21,100R24_H03_CFFv1_NA0104,100R24_H03_CFFv1_NA0104,2,0.000542871,15634126,0.127925283,intermediate positive