,sample,count,rpkm,read_counts,rpm,classification
2,121R04_D01_CFFv1_NA0144,364,0.042516004,36331964,10.01872621,strong positive
5,10P13_E02_CFFv1_NB0022,69,0.012590211,23257124,2.966832872,strong positive
1,92P02_B01_CFFv1_NB0114,117,0.010386049,47805232,2.447430859,strong positive
3,3P13_E02_CFFv1_NB0015,97,0.008751334,47036758,2.062216958,strong positive
21,92R11_C02_CFFv1_NA0086,13,0.003349491,16470413,0.789294112,strong positive
6,111P08_H01_CFFv1_NB0136,17,0.002188542,32963546,0.515721215,strong positive
17,34P02_B01_CFFv1_NB0052,10,0.001823274,23274908,0.429647241,strong positive
4,84P05_E01_CFFv1_NB0105,17,0.001641011,43961979,0.386697787,strong positive
27,104R21_E03_CFFv1_NA0111,4,0.00152957,11097638,0.360437059,strong positive
7,80P04_D01_CFFv1_NB0101,21,0.001434571,62120831,0.338050854,strong positive
13,134R07_G01_CFFv1_NA0173,5,0.000993687,21353063,0.234158444,intermediate positive
54,102R22_F03_CFFv1_NA0107,1,0.000938274,4522830,0.221100506,intermediate positive
11,120R31_G04_CFFv1_NA0137,2,0.000912962,9296447,0.215135955,intermediate positive
14,50P05_E01_CFFv1_NB0067,5,0.000805426,26344168,0.189795328,intermediate positive
22,72P05_E01_CFFv1_NB0093,5,0.00078331,27087974,0.184583757,intermediate positive
105,121R27_C04_CFFv1_NB0004,1,0.00066072,6422773,0.15569599,intermediate positive
15,66P08_H01_CFFv1_NB0085,6,0.000658378,38673727,0.155144085,intermediate positive
37,11P06_F01_CFFv1_NB0023,3,0.000626707,20314049,0.147681046,intermediate positive
34,100R24_H03_CFFv1_NA0104,2,0.000542871,15634126,0.127925283,intermediate positive
29,86P06_F01_CFFv1_NB0107,3,0.000420625,30266785,0.099118555,intermediate positive
38,79P07_G01_CFFv1_NB0100,2,0.000411233,20638662,0.096905507,intermediate positive
65,104R18_B03_CFFv1_NA0111,1,0.000385888,10997115,0.09093294,intermediate positive
78,102R10_B02_CFFv1_NA0107,1,0.000376153,11281731,0.08863888,intermediate positive
68,93R24_H03_CFFv1_NA0087,1,0.000367482,11547910,0.086595756,intermediate positive
10,23P03_C01_CFFv1_NB0040,2,0.000348939,24323187,0.082226067,intermediate positive
40,29P14_F02_CFFv1_NB0046,2,0.000347865,24398291,0.081972955,intermediate positive
8,33P02_B01_CFFv1_NB0051,3,0.000344038,37004487,0.08107125,intermediate positive
111,107R23_G03_CFFv1_NA0121,1,0.000339308,12506783,0.079956612,intermediate positive
31,164R03_C01_CFFv1_NB0025,3,0.000331087,38452052,0.078019243,intermediate positive
86,106P14_F02_CFFv1_NB0129,1,0.000329482,12879780,0.077641078,intermediate positive
18,101P02_B01_CFFv1_NB0123,2,0.000315914,26865880,0.074443867,intermediate positive
95,117R24_H03_CFFv1_NA0134,1,0.000311826,13609048,0.073480526,intermediate positive
33,34P04_D01_CFFv1_NB0052,2,0.000306169,27721011,0.072147441,intermediate positive
39,55P10_B02_CFFv1_NB0072,3,0.000296626,42919175,0.069898827,intermediate positive
47,93R23_G03_CFFv1_NA0087,1,0.000295199,14375554,0.069562537,intermediate positive
114,104R07_G01_CFFv1_NA0111,1,0.000295117,14379570,0.069543109,intermediate positive
104,117R02_B01_CFFv1_NA0134,1,0.000295048,14382919,0.069526916,intermediate positive
32,50P06_F01_CFFv1_NB0067,2,0.00028584,29692515,0.067357043,intermediate positive
30,120P09_A02_CFFv1_NB0144,2,0.000281631,30136219,0.066365326,intermediate positive
28,5108_H01_CFFv1_NB0068,3,0.000281243,45266709,0.06627387,intermediate positive
57,100R28_D04_CFFv1_NA0104,1,0.000280491,15129351,0.066096688,intermediate positive
69,150R02_B01_CFFv1_NB0009,1,0.00027624,15362197,0.065094856,intermediate positive
36,73P10_B02_CFFv1_NB0094,2,0.000270154,31416574,0.063660665,intermediate positive
25,111P09_A02_CFFv1_NB0136,2,0.000269361,31509008,0.063473912,intermediate positive
110,96R06_F01_CFFv1_NA0097,1,0.000261897,16203491,0.061715096,intermediate positive
72,70P12_D02_CFFv1_NB0090,1,0.000260149,16312396,0.061303073,intermediate positive
35,5106_F01_CFFv1_NB0068,2,0.000256521,33086169,0.060448219,intermediate positive
23,38P11_C02_CFFv1_NB0056,2,0.000250644,33862018,0.059063225,intermediate positive
24,44P12_D02_CFFv1_NB0061,2,0.000248388,34169590,0.058531577,intermediate positive
16,73P08_H01_CFFv1_NB0094,2,0.000246147,34480688,0.058003483,intermediate positive
42,34P06_F01_CFFv1_NB0052,1,0.000244123,17383291,0.057526506,intermediate positive
107,81P06_F01_CFFv1_NB0102,1,0.00023218,18277397,0.054712386,intermediate positive
109,117R08_H01_CFFv1_NA0134,1,0.00022429,18920404,0.052852994,intermediate positive
115,111R14_F02_CFFv1_NA0128,1,0.000223352,18999859,0.05263197,intermediate positive
99,108R01_A01_CFFv1_NA0123,1,0.000220466,19248549,0.051951968,intermediate positive
96,34P07_G01_CFFv1_NB0052,1,0.000218615,19411552,0.051515716,intermediate positive
82,52P20_D03_CFFv1_NB0069,1,0.000213386,19887211,0.050283572,intermediate positive
113,96R23_G03_CFFv1_NA0097,1,0.000209473,20258735,0.049361424,intermediate positive
63,89R06_F01_CFFv1_NA0074,1,0.000204646,20736525,0.048224088,intermediate positive
20,77P08_H01_CFFv1_NB0098,2,0.000200987,42228128,0.047361796,intermediate positive
93,101P12_D02_CFFv1_NB0123,1,0.000198737,21353136,0.046831529,intermediate positive
80,71P09_A02_CFFv1_NB0092,1,0.000192405,22055803,0.045339542,intermediate positive
88,4P10_B02_CFFv1_NB0016,1,0.000190859,22234500,0.044975151,intermediate positive
64,104P08_H01_CFFv1_NA0266,1,0.000190604,22264202,0.044915151,intermediate positive
79,43P07_G01_CFFv1_NA0214,1,0.00019029,22300928,0.044841183,intermediate positive
62,25P05_E01_CFFv1_NB0042,1,0.000185393,22890002,0.043687196,intermediate positive
90,39P19_C03_CFFv1_NB0057,1,0.000182703,23227064,0.043053224,intermediate positive
19,75P04_D01_CFFv1_NB0096,2,0.000178709,47492428,0.042111976,intermediate positive
116,11P13_E02_CFFv1_NB0023,1,0.000173181,24504189,0.040809349,intermediate positive
108,44P05_E01_CFFv1_NB0061,1,0.000171458,24750352,0.040403466,intermediate positive
102,61P15_G02_CFFv1_NB0079,1,0.000170449,24896965,0.040165538,intermediate positive
77,2P10_B02_CFFv1_NB0014,1,0.000167971,25264278,0.039581578,intermediate positive
75,35P01_A01_CFFv1_NB0053,1,0.000165216,25685545,0.038932403,intermediate positive
100,26P01_A01_CFFv1_NB0043,1,0.000162329,26142378,0.038252067,intermediate positive
9,89R15_G02_CFFv1_NA0074,2,0.000161084,52688803,0.037958729,intermediate positive
89,105P02_B01_CFFv1_NB0128,1,0.000159314,26637101,0.037541623,intermediate positive
76,104P11_C02_CFFv1_NA0266,1,0.000155356,27315754,0.036608911,intermediate positive
60,3P12_D02_CFFv1_NB0015,1,0.000155084,27363630,0.036544859,intermediate positive
84,89R11_C02_CFFv1_NA0074,1,0.000154512,27464928,0.036410072,intermediate positive
46,64P03_C01_CFFv1_NB0082,1,0.000151754,27964072,0.035760171,intermediate positive
53,83P03_C01_CFFv1_NB0104,1,0.000149575,28371504,0.035246633,intermediate positive
58,121R27_C04_CFFv1_NA0147,1,0.000149049,28471531,0.035122804,intermediate positive
106,57P04_D01_CFFv1_NB0075,1,0.00014507,29252531,0.034185076,intermediate positive
67,120P10_B02_CFFv1_NB0144,1,0.000144775,29312106,0.034115597,intermediate positive
70,24P10_B02_CFFv1_NB0041,1,0.0001442,29429004,0.033980083,intermediate positive
112,81P05_E01_CFFv1_NB0102,1,0.000135787,31252284,0.031997661,intermediate positive
26,5P02_B01_CFFv1_NB0017,2,0.000133101,63766105,0.031364625,intermediate positive
71,96R12_D02_CFFv1_NA0097,1,0.000133035,31898773,0.031349168,intermediate positive
49,25P13_E02_CFFv1_NB0042,1,0.000132354,32062899,0.031188696,intermediate positive
66,140R10_B02_CFFv1_NA0183,1,0.000128596,32999915,0.030303108,intermediate positive
59,40P07_G01_CFFv1_NB0058,1,0.000127322,33330165,0.030002852,intermediate positive
43,71P05_E01_CFFv1_NB0092,1,0.000127018,33409815,0.029931324,intermediate positive
83,44P10_B02_CFFv1_NB0061,1,0.000124881,33981652,0.029427645,intermediate positive
56,3P07_G01_CFFv1_NB0015,1,0.000121746,34856620,0.028688955,intermediate positive
52,66P10_B02_CFFv1_NB0085,1,0.000121455,34940051,0.02862045,intermediate positive
50,45P01_A01_CFFv1_NB0062,1,0.000120158,35317360,0.028314687,intermediate positive
41,88R05_E01_CFFv1_NA0073,2,0.000115,73802603,0.027099315,intermediate positive
85,107P05_E01_CFFv1_NB0130,1,0.000114933,36922866,0.027083488,intermediate positive
103,89P02_B01_CFFv1_NB0111,1,0.000114535,37051171,0.0269897,intermediate positive
92,86P02_B01_CFFv1_NB0107,1,0.000114057,37206447,0.026877062,intermediate positive
91,121R13_E02_CFFv1_NA0144,1,0.000113205,37486426,0.026676323,intermediate positive
87,24P08_H01_CFFv1_NB0041,1,0.000111697,37992393,0.026321059,intermediate positive
44,22P02_B01_CFFv1_NB0039,1,0.000103276,41090494,0.024336529,intermediate positive
12,107P07_G01_CFFv1_NB0130,2,0.00010199,83217423,0.024033429,intermediate positive
45,106P05_E01_CFFv1_NB0129,1,0.000101932,41632176,0.024019883,intermediate positive
74,17P07_G01_CFFv1_NB0033,1,9.98E-05,42519491,0.023518626,intermediate positive
81,91P03_C01_CFFv1_NB0113,1,9.72E-05,43651462,0.02290874,intermediate positive
73,94P02_B01_CFFv1_NB0116,1,9.71E-05,43691554,0.022887719,intermediate positive
94,80P03_C01_CFFv1_NB0101,1,9.05E-05,46877456,0.021332216,intermediate positive
117,152R04_D01_CFFv1_NB0010,1,8.97E-05,47284811,0.02114844,intermediate positive
48,55P08_H01_CFFv1_NB0072,1,8.96E-05,47382107,0.021105013,intermediate positive
98,89P01_A01_CFFv1_NB0111,1,8.49E-05,49980450,0.020007823,intermediate positive
55,9P04_D01_CFFv1_NB0021,1,7.26E-05,58474143,0.017101576,intermediate positive
51,47P02_B01_CFFv1_NB0064,1,7.08E-05,59956671,0.016678711,intermediate positive
61,20P03_C01_CFFv1_NB0037,1,6.89E-05,61600931,0.016233521,intermediate positive
101,53P05_E01_CFFv1_NB0070,1,6.45E-05,65843643,0.015187495,intermediate positive
97,6P02_B01_CFFv1_NB0018,1,6.07E-05,69929417,0.014300134,intermediate positive